cycles,duration_us,peak_apex_height_um,peak_during_burst_um,apex_at_burst_end_um,peak_time_us,peak_delay_after_burst_us,peak_is_window_clipped,peak_positive_mound_volume_pl,within_reduced_model_validity
10.0,1.0,0.22497676984813364,0.0011571840198463705,0.0011571840198463705,181.2,180.2,False,49.64201608706735,False
15.0,1.5,0.316373104254804,0.0027763344495657614,0.0027763344495657614,181.39999999999998,179.89999999999998,False,69.82048487887265,False
20.0,2.0,0.42183002568119343,0.0043372048406826605,0.0043372048406826605,181.8,179.8,False,93.12828750163091,False
25.0,2.5,0.5272862242167574,0.0073184361161124055,0.0073184361161124055,181.99999999999997,179.49999999999997,False,116.42887523703604,False
30.0,3.0,0.6678930710723778,0.010295026684226005,0.010295026684226005,182.2,179.2,False,147.53104594887833,False
35.0,3.5,0.8084978674988659,0.01536644665342116,0.01536644665342116,182.39999999999998,178.89999999999998,False,178.61835613936728,False
40.0,4.0,0.9491005278699214,0.01949449526383148,0.01949449526383148,182.8,178.8,False,209.7594098347893,False
45.0,4.5,1.0897003821356872,0.026291412958731903,0.024057646591931495,183.0,178.5,False,240.87252149110202,False
50.0,5.0,1.230296875823726,0.03156865051514617,0.03156865051514617,183.2,178.19999999999996,False,272.0520967545693,False
55.0,5.5,1.370889645797734,0.04008760801038088,0.03728006284960014,183.6,178.1,False,303.1907691271111,False
60.0,6.0,1.5114788202243195,0.0465116921374089,0.0465116921374089,183.79999999999998,177.79999999999998,False,334.40850513018216,False
65.0,6.5,1.6520634475134375,0.05674911868646725,0.05336899270769541,184.0,177.5,False,365.5724978667421,False
70.0,7.0,1.7926429657963951,0.06431762986738639,0.06431762986738639,184.20000000000002,177.2,False,396.8280343859773,False
75.0,7.5,1.933217245102027,0.07626983614138699,0.07626983614138699,184.6,177.1,False,428.01710754360823,False
80.0,8.0,2.073786280952707,0.08498027390700844,0.08498027390700844,184.79999999999998,176.79999999999998,False,459.31008497828725,False
85.0,8.5,2.214349052905622,0.09864344633628574,0.09864344633628574,185.0,176.5,False,490.52399903503806,False
90.0,9.0,2.35490496062517,0.10849322553930343,0.10849322553930343,185.2,176.2,False,521.8540584246853,False
95.0,9.5,2.495454296319157,0.12386342080771934,0.12386342080771934,185.6,176.1,False,553.0925742912285,False
100.0,10.0,2.6359965589258656,0.13484986801465962,0.13484986801465962,185.79999999999998,175.79999999999998,False,584.4593573329238,False
105.0,10.5,2.776530834494139,0.15192300775301693,0.14626536425389788,186.0,175.49999999999997,False,615.722236364036,False
110.0,11.0,2.9170564838894766,0.16404335778347065,0.16404335778347065,186.2,175.20000000000002,False,647.1253854295734,False
115.0,11.5,3.057574465315511,0.18281522350464002,0.18281522350464002,186.6,175.09999999999997,False,678.4123894354865,False
120.0,12.0,3.1980833075557475,0.19606661614488238,0.19606661614488238,186.79999999999998,174.79999999999998,False,709.851547588278,False
125.0,12.5,3.338582433321907,0.21653284445930343,0.21653284445930343,187.0,174.5,False,741.162438845922,False
130.0,13.0,3.4790714584684106,0.23091232137471848,0.23091232137471848,187.4,174.4,False,772.6372498577623,False
135.0,13.5,3.619551423409016,0.25306839952083215,0.25306839952083215,187.59999999999997,174.09999999999997,False,803.9717911218409,False
140.0,14.0,3.7600201860272464,0.2685729013887891,0.2685729013887891,187.79999999999998,173.79999999999998,False,835.4818994894347,False
145.0,14.5,3.900477496527793,0.2924141631087657,0.2924141631087657,188.0,173.5,False,866.8398540033965,False
150.0,15.0,4.0409238577826825,0.3090405269907731,0.3090405269907731,188.4,173.39999999999998,False,898.3849049647201,False
155.0,15.5,4.181358848598173,0.33456214877763774,0.33456214877763774,188.6,173.1,False,929.7660364715846,False
160.0,16.0,4.3217808605304,0.35230710574675167,0.35230710574675167,188.79999999999998,172.79999999999998,False,961.3456760220126,False
165.0,16.5,4.462189757118039,0.379504103484734,0.379504103484734,189.2,172.7,False,992.7497487750845,False
170.0,17.0,4.602587086242099,0.3983642765213514,0.3983642765213514,189.4,172.39999999999998,False,1024.3636236833515,False
175.0,17.5,4.742970426791299,0.4176447166836069,0.4176447166836069,189.6,172.10000000000002,False,1055.7904024567545,False
180.0,18.0,4.883339005492672,0.447203404703389,0.447203404703389,189.79999999999998,171.79999999999998,False,1087.4381602807032,False
185.0,18.5,5.023694109616941,0.47773554524106365,0.4675941480886394,190.2,171.7,False,1118.8874103798566,False
190.0,19.0,5.164034850137749,0.49881557814193483,0.49881557814193483,190.4,171.4,False,1150.5686994819735,False
195.0,19.5,5.304359853036224,0.5310071512723633,0.5203129814061005,190.6,171.1,False,1182.040186753838,False
200.0,20.0,5.444668583921621,0.5531916038069257,0.5531916038069257,190.99999999999997,170.99999999999997,False,1213.7546563166343,False
205.0,20.5,5.584963406277259,0.587036957774916,0.587036957774916,191.2,170.7,False,1245.2481471599303,False
210.0,21.0,5.7252408657979394,0.6103220051818694,0.6103220051818694,191.39999999999998,170.4,False,1276.9954472010395,False
215.0,21.5,5.8655008327500555,0.6458153171940625,0.6458153171940625,191.6,170.1,False,1308.5107085762388,False
220.0,22.0,6.005744750256943,0.6701970203898694,0.6701970203898694,192.0,170.0,False,1340.2904899634252,False
225.0,22.5,6.14597138536087,0.7073322958406055,0.7073322958406055,192.2,169.7,False,1371.8272894026722,False
230.0,23.0,6.286178860815337,0.732806601048203,0.732806601048203,192.39999999999998,169.4,False,1403.639203868518,False
235.0,23.5,6.426368264785839,0.771577673177852,0.7586919371198277,192.8,169.29999999999998,False,1435.197309485399,False
240.0,24.0,6.566540056752254,0.798140411841009,0.798140411841009,193.0,169.0,False,1467.0410096418962,False
245.0,24.5,6.706691797284777,0.8385409418179465,0.8251124818416133,193.2,168.7,False,1498.6322846412008,False
250.0,25.0,6.846822605490041,0.8661878307943705,0.8661878307943705,193.6,168.59999999999997,False,1530.6094817667645,False
255.0,25.5,6.986936329730941,0.9082113082088057,0.9082113082088057,193.79999999999998,168.3,False,1562.2562197065324,False
260.0,26.0,7.127028277295424,0.9369379502332076,0.9369379502332076,194.0,168.0,False,1594.2715938739957,False
265.0,26.5,7.267098405845901,0.9805776939883374,0.9805776939883374,194.20000000000002,167.70000000000002,False,1625.9436648019876,False
270.0,27.0,7.407148850111499,1.0103795783949345,1.0103795783949345,194.6,167.6,False,1657.9968610603255,False
275.0,27.5,7.547177818461588,1.0556287379784641,1.0556287379784641,194.79999999999998,167.3,False,1689.6940285539645,False
280.0,28.0,7.687183200038054,1.0865012416708517,1.0865012416708517,195.0,167.0,False,1721.7846925909255,False
285.0,28.5,7.827167177492379,1.133352798787715,1.133352798787715,195.39999999999998,166.89999999999998,False,1753.5067206590306,False
290.0,29.0,7.967129056909941,1.1652911874426843,1.1652911874426843,195.6,166.6,False,1785.634498817805,False
295.0,29.5,8.107066544119123,1.2137379579879326,1.1976297306545625,195.79999999999998,166.29999999999998,False,1817.3811519117094,False
300.0,30.0,8.246979958795432,1.2467373874786316,1.2467373874786316,196.2,166.2,False,1849.5456912074023,False
