height_mm,intensity_with_reverberation_w_m2_for_1Pa_aperture,single_pass_intensity_w_m2_for_1Pa_aperture,interference_gain,interference_gain_db,cavity_orders_retained,cavity_series_converged
2.0,0.0002642515212333702,0.00026474499585534044,0.9981360379622061,-0.008102638127990785,19,True
2.002,0.00026830899080034865,0.0002647049004474079,1.013615502950074,0.05873244332154499,19,True
2.004,0.00027176380435848857,0.0002646648138977887,1.026822569861672,0.1149540602458653,19,True
2.006,0.00027453498272790583,0.00026462473614076546,1.037450189773146,0.15967254467538886,19,True
2.0080000000000005,0.0002766263761844969,0.0002645846671108317,1.0455117418751294,0.19328914631395672,19,True
2.0100000000000002,0.0002781327276242871,0.0002645446067426965,1.0513641954334256,0.21753182887406616,19,True
2.012,0.00027940209362528194,0.0002645292492591791,1.0562238180002954,0.2375595666645796,19,True
2.0140000000000002,0.0002806872047192055,0.0002644891945777928,1.0612426158553274,0.25814681433925074,19,True
2.016,0.00028242520407727525,0.0002644491448440589,1.067975486340924,0.2856128427582453,19,True
2.018,0.00028488405412418837,0.0002644091000241508,1.0774366468407002,0.32391743114544436,19,True
2.02,0.00028804265490567046,0.000264369060085011,1.089547524256609,0.3724617820069063,19,True
2.022,0.0002917200167667519,0.000264329024994352,1.1036246086595491,0.4282137582843662,19,True
2.024,0.00029555068584314096,0.00026428899472065746,1.1182860117029307,0.4855289247585482,19,True
2.026,0.00029904592684181256,0.0002642489692331811,1.1316824724410774,0.5372458956343181,19,True
2.028,0.00030176990897507567,0.00026420894850194836,1.1421638467814814,0.5772840920662071,19,True
2.0300000000000002,0.00030331480584504044,0.0002641689324977556,1.148185000322161,0.6001186902535915,19,True
2.032,0.00030338337468286525,0.0002641289211921701,1.148618535651138,0.6017582036065797,19,True
2.0340000000000003,0.0003018592355265214,0.00026408891455752915,1.1430212284081478,0.5805429627008979,19,True
2.036,0.0002986131592877871,0.00026397605278573105,1.1312130632174084,0.5354441170254024,19,True
2.038,0.0002940497223905656,0.00026393659960309584,1.1140922586437556,0.46921156511715195,19,True
2.04,0.0002882175617992419,0.00026389715694715923,1.0921586466994504,0.38285728461893437,19,True
2.042,0.00028142982736966245,0.00026385772475698055,1.066596885229971,0.28000311083768414,19,True
2.044,0.0002739063356982956,0.0002637832256396247,1.0383766254814888,0.16354903321217723,19,True
2.0460000000000003,0.00026608518445074,0.00026374378004012596,1.0088775720521554,0.03838467517244595,19,True
2.048,0.0002582197491199128,0.0002637043429514712,0.9792017311123021,-0.09127827416798531,19,True
2.0500000000000003,0.0002505970826177406,0.0002636649143367723,0.9504377298287761,-0.22076331694532542,19,True
2.052,0.00024347716043956883,0.00026362549415949677,0.9235721348416404,-0.3452917868586115,19,True
2.054,0.00023710198522520562,0.00026358608238347196,0.8995239167455868,-0.45987285044891796,19,True
2.056,0.0002316950900551911,0.0002635466789728873,0.879142514556319,-0.5594071733978577,19,True
2.058,0.0002274635396350934,0.00026350728389229775,0.8632153778643312,-0.6388083145983705,19,True
2.06,0.00022458939119543857,0.0002634678971066256,0.8524355098357471,-0.693384672115862,19,True
2.062,0.00022324368423513175,0.00026342851858116435,0.8474545027908535,-0.7188360842549334,19,True
2.064,0.0002234012167930728,0.0002633891482815808,0.8481792748509206,-0.7151234367523375,19,True
2.0660000000000003,0.00022511937213433338,0.00026334978617391727,0.8548302825872189,-0.6812010123939607,19,True
2.068,0.00022823898956969728,0.000263310432224594,0.8668057229689172,-0.6207822997149064,19,True
2.0700000000000003,0.00023250678014852515,0.00026327108640041236,0.8831458985013745,-0.5396754367056331,19,True
2.072,0.00023757623219089686,0.0002632317486685557,0.9025363900539117,-0.4453527841842748,19,True
2.074,0.00024305057340597288,0.0002631924189965925,0.9234710267590177,-0.3457672568781063,19,True
2.076,0.00024842778168647153,0.0002630740909625011,0.9443262952180369,-0.24877917007583975,19,True
2.078,0.00025359276504262357,0.00026303469501421,0.9641038610093761,-0.15876177888076654,19,True
2.08,0.0002582586869887831,0.00026299530596151114,0.9819897204803297,-0.07893058406569474,19,True
2.0820000000000003,0.0002624181492929777,0.0002629559237766922,0.997954887359103,-0.008890905902159806,19,True
2.084,0.0002660328570635719,0.0002629165484325926,1.0118528432293727,0.051173563570431096,19,True
2.0860000000000003,0.000269052109832164,0.00026287717990260736,1.02348979067656,0.10083514927251667,19,True
2.088,0.00027141462857842096,0.00026283781816069016,1.0326315690708072,0.13945397937309462,19,True
2.09,0.0002731039403053314,0.0002627984631813584,1.0392143736276764,0.16705144939504393,19,True
2.092,0.00027424165456016756,0.0002627591149396967,1.0436998717365376,0.18575630095480383,19,True
2.094,0.0002751035242285503,0.00026268351666575146,1.0472812596711294,0.2006333222262552,19,True
2.096,0.00027602849842850804,0.0002626442476611036,1.0509596189012083,0.2158602941997163,19,True
2.098,0.00027738305883626287,0.0002626049865419572,1.0562749111846912,0.23776964478433155,19,True
2.1,0.0002795010172740466,0.000262565733291822,1.0644992161387727,0.2714534597468809,19,True
2.1020000000000003,0.00028236926931488016,0.0002625264878948374,1.0755839213755505,0.3164430144447037,19,True
2.104,0.00028579007294098443,0.00026243533747120483,1.0889923426274182,0.37024825975839104,19,True
2.1060000000000003,0.0002895485214871866,0.00026239591677477275,1.1034795245526638,0.4276427908689666,19,True
2.108,0.00029308266684880747,0.0002623565018928646,1.1171160795873476,0.4809830302157289,19,True
2.11,0.0002959380312952309,0.00026231709283037785,1.1281690724080773,0.5237418981712104,19,True
2.112,0.00029777432924844296,0.0002622776895931389,1.135339912862465,0.5512590574037456,19,True
2.114,0.00029831413699656816,0.000262238292187899,1.1375689435272103,0.5597772698724721,19,True
2.1159999999999997,0.00029732647052964307,0.000262198900622329,1.1339729870107724,0.5460270911430183,19,True
2.118,0.00029490743990554706,0.00026215951490501466,1.1249160268411298,0.5112010427789658,19,True
2.12,0.0002910740041388129,0.0002621201350454517,1.1104603012978786,0.45503037233483346,19,True
2.1220000000000003,0.0002859981399528697,0.00026208076105404063,1.0912595751120295,0.3792806738952464,19,True
2.124,0.00027991324040542784,0.00026204139294208167,1.0682023830765406,0.2865354251145314,19,True
2.126,0.00027309101781544567,0.00026200203072176953,1.042324050172924,0.18002758621166318,19,True
2.128,0.00026582076659428686,0.0002619626744061883,1.014727640862745,0.06349490581180917,19,True
2.13,0.0002583538911601084,0.0002618648304329207,0.9865925513288365,-0.058621677396746896,19,True
2.132,0.000251083321473039,0.00026182554700242456,0.9589718205409264,-0.18194154417852434,19,True
2.134,0.0002442632694999697,0.00026178626827447925,0.9330637206832524,-0.3008869645054302,19,True
2.1359999999999997,0.00023811949052859551,0.00026174699424269375,0.9097315184747045,-0.41086758501806475,19,True
2.1380000000000003,0.000232905389371722,0.0002617077249018518,0.8899446489746089,-0.506370039083835,19,True
2.14,0.0002288206803832104,0.0002616684602479097,0.8744679437728999,-0.582561062512971,19,True
2.142,0.00022603733924304314,0.0002616292002779938,0.8639606703031137,-0.6350602726544075,19,True
2.144,0.00022467414077911052,0.00026158994499039887,0.8588791162724421,-0.6606795704207138,19,True
2.146,0.00022479241949475206,0.00026155069438458476,0.8594602282501179,-0.6577421560421386,19,True
2.148,0.00022636001165383265,0.00026151144846117436,0.8655835642600538,-0.6269099856251974,19,True
2.15,0.00022932839411518265,0.00026147220722195043,0.8770660428950197,-0.569677031163175,19,True
2.1519999999999997,0.00023331404283117538,0.0002614246322796745,0.8924715348994883,-0.49405626681563924,19,True
2.154,0.000238063482922008,0.000261384613697848,0.9107784867444475,-0.4058723628978749,19,True
2.156,0.0002430462700892579,0.00026129809323106006,0.9301494208545086,-0.31447280005118916,19,True
2.1580000000000004,0.0002479838917991748,0.00026125805389746277,0.9491913764943768,-0.22646216048798146,19,True
2.16,0.0002525689758496233,0.00026121801882761196,0.9668895621488633,-0.14623128076638453,19,True
2.162,0.0002566853330804704,0.00026117798803033823,0.9827984931511689,-0.07535518061547777,19,True
2.164,0.0002603274070293524,0.00026113796151593826,0.9968960679562616,-0.013501169801258121,19,True
2.166,0.0002634278092656704,0.00026109793929617704,1.0089233564070779,0.038581759953439695,19,True
2.168,0.0002660989779805616,0.00026105792138428785,1.0193101077705016,0.08306330821623785,19,True
2.17,0.0002681836859444653,0.00026101790779497455,1.0274532050694367,0.11762051236268416,19,True
2.1719999999999997,0.000269613680565286,0.00026097789854441164,1.0330900895019843,0.1413819535078874,19,True
2.174,0.0002704498241578883,0.0002609378936502455,1.0364528523419154,0.1554955106716487,19,True
2.176,0.00027096390669015795,0.00026089789313159435,1.0385821956541688,0.1644087324129686,19,True
2.1780000000000004,0.00027153311910877446,0.0002608578970090494,1.0409235151479992,0.1741881964550375,19,True
2.18,0.00027254306114081136,0.000260822090828831,1.0449385643475746,0.1909075748136432,19,True
2.182,0.0002742822164372531,0.0002607818852083457,1.0517686695075525,0.21920229737903046,19,True
2.184,0.0002768414337736251,0.0002607416837501287,1.0617459770602882,0.2602062413050343,19,True
2.186,0.000280090370045146,0.0002607014864667077,1.0743719717183673,0.31154669907468546,19,True
2.1879999999999997,0.0002837228724845131,0.0002606612933720319,1.0884733548819092,0.368178022614579,19,True
2.19,0.0002873156486343384,0.00026062110448147436,1.1024266404133882,0.42349699524304996,19,True
2.1919999999999997,0.0002904102414126437,0.00026058091981183293,1.1144723935365286,0.47069315092396097,19,True
2.1940000000000004,0.00029265628865381035,0.00026054073938133065,1.123264980934421,0.5048221946961818,19,True
2.196,0.0002936441721254335,0.0002605005632096175,1.1272304693220425,0.5201271934862768,19,True
2.198,0.0002932539183094185,0.00026046039131777057,1.1259060036949677,0.5150213493756216,19,True
2.2,0.0002915785950019114,0.0002605032558980842,1.119289638038093,0.489424832443581,19,True
2.202,0.0002883563997418589,0.0002604628539286336,1.107092222144153,0.4418379965026406,19,True
2.204,0.00028391173984639923,0.0002604224550243353,1.0901968488848974,0.3750492240468595,19,True
2.206,0.0002785083960691443,0.00026044611755097363,1.06935130647373,0.29120404365748664,19,True
2.2079999999999997,0.00027224186185716766,0.0002604054677773098,1.0454537079458714,0.1930480728399926,19,True
2.21,0.0002655908891904254,0.0002603648198058388,1.0200721026307773,0.08630870455997977,19,True
2.212,0.00025871916899142434,0.00026032417368919756,0.9938345921739506,-0.02685890938436912,19,True
2.214,0.0002519148892663538,0.0002602835294814269,0.9678479839590839,-0.1419285024551904,19,True
2.216,0.00024543887248615673,0.0002602428872379667,0.9431146230011154,-0.2543552135418249,19,True
2.218,0.00023954667134314868,0.00026020224701565117,0.9206172279086428,-0.35920902225391266,19,True
2.22,0.0002345441384658822,0.00026024605459081706,0.9012399393898756,-0.4515957030785298,19,True
2.222,0.00023054415716941963,0.0002602055028655233,0.8860079999482834,-0.5256235676113242,19,True
2.2239999999999998,0.0002277598473242676,0.0002601649535407724,0.8754439989880253,-0.577716299441606,19,True
2.226,0.00022638425236315944,0.00026012440664635475,0.8702922393242943,-0.6033488920393143,19,True
2.2279999999999998,0.00022640125400646174,0.0002600838622133295,0.8704932788977112,-0.6023457773321507,19,True
2.2300000000000004,0.0002278625418591044,0.00026004332027402215,0.8762483943790323,-0.5737276481754188,19,True
2.232,0.00023060702544720182,0.0002600027808620241,0.8869406114912989,-0.5210545904663054,19,True
2.234,0.00023431778484106426,0.0002599622440121898,0.901353139689304,-0.4510502414762774,19,True
2.236,0.0002386658069546879,0.0002599217097606364,0.9182219029509955,-0.37052351934513494,19,True
2.238,0.00024331133061309283,0.000259945346207352,0.9360095657146691,-0.2871971289024073,19,True
2.2399999999999998,0.0002477281069331583,0.0002599048547402091,0.9531492098551902,-0.20839107814577457,19,True
2.242,0.0002518540436105482,0.00025986436682337084,0.9691749842014037,-0.13597804154321105,19,True
2.2439999999999998,0.00025554723311390336,0.0002598238824846611,0.9835401991154135,-0.07207884959468104,19,True
2.246,0.0002587874821242293,0.00025978340175298394,0.9961663461867297,-0.01668134268239319,19,True
2.248,0.0002615942399166793,0.0002597584076189526,1.0070674605474936,0.03058563664059947,19,True
2.2500000000000004,0.00026391237854732694,0.0002597178188134573,1.016150450335032,0.06958013964626247,19,True
2.2520000000000002,0.0002656252437312277,0.00025967723451708494,1.0229053934019443,0.0983546848883261,19,True
2.254,0.0002667617397618007,0.00025963665476961287,1.0274425234700018,0.11757536204553554,19,True
2.2560000000000002,0.0002673615046781875,0.0002596582561094486,1.0296668732362275,0.12696740709024917,19,True
2.258,0.00026761554387140263,0.00025961769772120836,1.0308062440287982,0.13177040591943162,19,True
2.26,0.0002679876677428402,0.0002596608424795876,1.032068082286636,0.13708347277756278,18,True
2.262,0.00026872562332643256,0.00025962023613886813,1.0350719470985075,0.14970538335829595,18,True
2.264,0.0002701750184608929,0.00025957963057726387,1.0408174857945,0.17374579787458574,18,True
2.266,0.0002724755923214691,0.0002595390258305646,1.049844397964836,0.21124935152846083,18,True
2.2680000000000002,0.00027550873997729964,0.00025949842193592743,1.0616971691848103,0.26000659394424025,18,True
2.27,0.00027908958783509283,0.0002595161536654497,1.0754227969750039,0.3157923847875179,18,True
2.2720000000000002,0.00028262172276842556,0.0002594755475208301,1.0892036859301253,0.37109102348798717,18,True
2.274,0.00028576849611869934,0.0002594349424127995,1.1015034962561028,0.41985879972780965,18,True
2.2760000000000002,0.0002881720985217574,0.00025939433836235455,1.110942129042163,0.45691436355582227,18,True
2.278,0.0002894882135298918,0.00025935373539172384,1.1161906463103504,0.4773837880345019,18,True
2.28,0.00028953909712309,0.00025931313352437054,1.116561638000795,0.47882702602025584,18,True
2.282,0.0002883202353346404,0.00025929482265868437,1.1119398080468534,0.4608127848647752,18,True
2.284,0.00028567367427563653,0.00025925426186400503,1.1019054121682679,0.4214431617053884,18,True
2.286,0.00028184881187262616,0.00025921370240532385,1.0873221949968854,0.363582531714433,18,True
2.2880000000000003,0.0002770176981842482,0.00025917314429298237,1.0688518632590014,0.2891751865386142,18,True
2.29,0.0002713659321935637,0.0002591325875384039,1.0472088237584043,0.20033292913822334,18,True
2.2920000000000003,0.00026517434057403655,0.0002590920321540977,1.0234754746001657,0.10077440185206808,18,True
2.294,0.0002587752516644869,0.0002590332464321753,0.9990040090558184,-0.0043276892384151765,18,True
2.296,0.0002524329808688536,0.0002589927542024371,0.9746719812537452,-0.11141518352906835,18,True
2.298,0.00024637510809341607,0.0002589522648230361,0.9514305976886702,-0.21622885926763688,18,True
2.3,0.00024081365792326588,0.0002589117783095331,0.9300992774278865,-0.3147069301813281,18,True
2.302,0.00023603230322423932,0.0002588712946783233,0.911774723874024,-0.40112451434549357,18,True
2.3040000000000003,0.00023218417829909432,0.0002588127758883885,0.8971125073022762,-0.47153088464754145,18,True
2.306,0.00022949962662836528,0.00025877238425919255,0.88687835560727,-0.5213594399172623,18,True
2.3080000000000003,0.00022810276776313697,0.00025873199751711513,0.8816179287915402,-0.547195864867777,18,True
2.31,0.0002280925277314902,0.00025872639070244964,0.8815974555676844,-0.5472967193433744,18,True
2.312,0.0002293647980157934,0.0002586600117070138,0.8867423940102371,-0.5220252797984267,18,True
2.314,0.00023189698798053323,0.00025862050682502643,0.8966689874187997,-0.47367850677989454,18,True
2.316,0.00023531917119417583,0.0002585810041614139,0.9100404415139585,-0.40939307529355595,18,True
2.318,0.00023922578273081322,0.000258534007343132,0.9253164997102586,-0.33709693674717256,18,True
2.32,0.00024332552995968163,0.0002584948136988901,0.9413168739358981,-0.2626415613023943,18,True
2.322,0.0002473106016714282,0.00025853079744156334,0.9566001579650437,-0.19269551748247465,18,True
2.3240000000000003,0.00025092409732745005,0.0002584499713198646,0.9708807319498584,-0.12834117813363172,18,True
2.326,0.0002542221686089723,0.0002584350432659471,0.9836985162548584,-0.07137983671268691,18,True
2.3280000000000003,0.0002571078090252394,0.00025839632496966504,0.9950134122666918,-0.02171065149595395,18,True
2.33,0.00025962975702053696,0.0002583576077036267,1.004923986284815,0.021332124176323325,18,True
2.332,0.00026173757816911806,0.0002583188914499171,1.0132343658646576,0.05709911331972478,18,True
2.334,0.0002632310968561006,0.000258280176191257,1.0191687985421594,0.08246119437518426,18,True
2.336,0.00026409917302724944,0.00025824146191100704,1.0226830775851983,0.09741069704128706,18,True
2.3379999999999996,0.0002644347256676967,0.00025820274859317125,1.0241359827053764,0.10357625211786382,18,True
2.34,0.0002645120910738232,0.00025816403622240064,1.0245892299497281,0.10549786443712787,18,True
2.342,0.0002646695035781446,0.0002581253247839973,1.0253527188764744,0.1087328735397186,18,True
2.3440000000000003,0.0002652926337579578,0.0002580866142639172,1.0279209346621587,0.11959711001195678,18,True
2.346,0.0002665990826192076,0.0002580479046487749,1.0331379477080878,0.1415831370602729,18,True
2.3480000000000003,0.0002686892317395131,0.00025800919592584593,1.0413940122379852,0.17615076259322165,18,True
2.35,0.0002714819876985452,0.0002579704880830713,1.0523761447128128,0.22170994927717444,18,True
2.352,0.00027479631411737675,0.00025793178110906017,1.0653836953934182,0.27506046067309486,18,True
2.354,0.00027823807541727495,0.00025789307499309353,1.0788892855099979,0.3297688012397827,18,True
2.356,0.0002813857513239255,0.00025785436972512786,1.0912584170044588,0.379276064909394,18,True
2.3579999999999997,0.0002838608346999231,0.0002578156652957984,1.101022447081493,0.41796173235377054,18,True
2.3600000000000003,0.0002852575019370288,0.0002577205629233904,1.1068480477509435,0.44088003396440123,18,True
2.362,0.00028556408643810215,0.0002576823849156371,1.108201814150367,0.446188567739381,18,True
2.364,0.0002846049868229996,0.0002576442092482512,1.1046434447465907,0.4322211967950979,18,True
2.366,0.00028239455035798075,0.0002576060358887176,1.096226450532283,0.39900276829071096,18,True
2.368,0.0002790401689015189,0.0002575678648048643,1.083365617496275,0.3477504837451048,18,True
2.37,0.00027470456906434054,0.0002575296959648625,1.0666908452445865,0.2803856782270757,18,True
2.372,0.00026957914645769313,0.00025749152933722736,1.046943746660633,0.19923347226882454,18,True
2.374,0.00026391013469348435,0.0002574533648908194,1.0250793762412198,0.10757495956494374,18,True
2.376,0.00025797359101233384,0.0002574152025948448,1.002169213052921,0.009410569510563072,18,True
2.378,0.00025200535309465266,0.00025737704241885563,0.9791291046251861,-0.09160039831609527,18,True
2.3800000000000003,0.00024627376978993555,0.0002573388843327523,0.9570017777472409,-0.19087255467566203,18,True
2.382,0.00024108268052506007,0.00025730072830678355,0.9369685119492298,-0.2827500390035128,18,True
2.384,0.0002365751233423023,0.0002572625743115473,0.9195862397606568,-0.3640753592464541,18,True
2.386,0.0002330099419760964,0.00025722442231799266,0.9058624366858867,-0.42937748817950394,18,True
2.388,0.000230558103138214,0.00025718627229742084,0.8964634895893163,-0.47467393321851853,18,True
2.39,0.00022934484685615644,0.00025714812422148646,0.8918783582438947,-0.4969437426273932,18,True
2.392,0.00022942069956918699,0.0002571099780621989,0.8923057024013537,-0.49486331586985366,18,True
2.3939999999999997,0.0002307701614046514,0.00025708893642457844,0.8976277416447747,-0.4690373378725966,18,True
2.396,0.00023319197832429944,0.0002570511638813689,0.907181180599203,-0.4230596776189841,18,True
2.398,0.00023640876885965554,0.00025701339470797795,0.9198305369580693,-0.3629217661429515,18,True
2.4000000000000004,0.0002400393838664144,0.0002569756288356715,0.9340939642953949,-0.29609434131376333,18,True
2.402,0.00024369051021237644,0.00025693786619567166,0.9484414026650059,-0.22989495861628975,18,True
2.404,0.00024714558086235924,0.00025690010671916796,0.9620298878759441,-0.16811435303178798,18,True
2.406,0.0002502451528210813,0.0002568623503373285,0.9742383517570519,-0.11334778040150782,18,True
2.408,0.00025281869707707627,0.0002567109013599849,0.9848381807617487,-0.06635122777071215,18,True
2.4099999999999997,0.00025522827325321577,0.0002566733611940559,0.9943699340900921,-0.024520155572483278,18,True
2.412,0.0002573144422165593,0.00025663582644643333,1.002644275273342,0.011468784960055121,18,True
2.4139999999999997,0.00025901067434537707,0.0002565982970467207,1.0094013768852765,0.04063892802333177,18,True
2.4160000000000004,0.00026021157397101036,0.00025656077292444376,1.0142297710010475,0.06136354379586323,18,True
2.418,0.0002608505571341556,0.00025652325400905607,1.016869048156339,0.07265028316165628,18,True
2.42,0.0002610239654239075,0.00025648574022994487,1.0176938694131457,0.07617158335757425,18,True
2.422,0.0002608932566118169,0.00025644823151643883,1.0173330307996027,0.07463145413033619,18,True
2.424,0.00026083510218489624,0.00025641072779781376,1.0172550283877795,0.0742984528931217,18,True
2.426,0.00026121529100544264,0.00025637322900330054,1.0188867691879004,0.08125922721579384,18,True
2.428,0.0002623243400301343,0.00025633573506209155,1.0233623492510404,0.10029434706349578,18,True
2.4299999999999997,0.00026425922522625364,0.0002562982459033487,1.031061388246516,0.1328452346298247,18,True
2.432,0.00026696435758431043,0.00025626076145621087,1.0417683771299047,0.17771170291509944,18,True
2.434,0.00027018442542217587,0.00025622328164980225,1.0544881935883377,0.23041721592678918,18,True
2.436,0.0002735776784153485,0.00025618580641323976,1.067887726668412,0.28525595153698186,18,True
2.438,0.0002766943743627435,0.0002561483356756421,1.0802114861800962,0.33508790940094557,18,True
2.44,0.0002792820631578174,0.0002561108693661381,1.0904732932617303,0.3761503375599435,18,True
2.442,0.000280987624057568,0.000256073407413875,1.097293260144837,0.4032271166040419,18,True
2.444,0.00028158924903013815,0.00025603594974802854,1.0998035600362264,0.4131512114835725,18,True
2.446,0.00028103876712330976,0.00025599849629781134,1.0978141324563417,0.4052881727115544,18,True
2.448,0.0002792919199379163,0.0002559610469924827,1.091150091857996,0.3788449356024125,18,True
2.4499999999999997,0.00027642882741023576,0.00025592360176135783,1.0801224486829415,0.3347299231369274,18,True
2.4520000000000004,0.0002725996186454706,0.0002558861605338185,1.0653159908171088,0.27478446003263923,18,True
2.454,0.00026804188457427494,0.0002557966183998618,1.0478711026401113,0.2030786389296513,18,True
2.456,0.0002628911166070808,0.0002557591545632848,1.0278854614450614,0.1194472338128029,18,True
2.458,0.0002574274015696256,0.0002557216940544064,1.0066701713420385,0.028872002161557695,18,True
2.46,0.0002518908768906736,0.00025568423678661164,0.9851638883037442,-0.0649151583196894,18,True
2.4619999999999997,0.00024653718146420457,0.0002556467826738872,0.9643664547059716,-0.15757904878438384,18,True
2.464,0.00024153954106956798,0.000255526545904435,0.9452620283134965,-0.24447787599976617,18,True
2.4659999999999997,0.00023727984175710197,0.00025548905955733256,0.9287279939431442,-0.32111463645674715,18,True
2.468,0.0002339426786595765,0.00025545157793768444,0.9158004837873623,-0.3819913138472855,18,True
2.4699999999999998,0.00023167435118823238,0.00025541410100103233,0.9070538794852834,-0.4236691484932115,18,True
2.4720000000000004,0.0002305416499412183,0.0002553766287033959,0.9027515599674475,-0.44431752433487987,18,True
2.474,0.00023062262972453244,0.00025533916100127594,0.903201172981766,-0.4421550706717006,18,True
2.476,0.00023187252423108605,0.0002553016978516563,0.9082294641292052,-0.41804413136258295,18,True
2.478,0.0002341071688979688,0.0002552642392120055,0.9171169828592204,-0.37575264362822647,18,True
2.48,0.00023703045154575112,0.0002552267850402793,0.928705235652847,-0.3212210607387792,18,True
2.4819999999999998,0.00024029090244538157,0.00025518933529492264,0.9416181211792298,-0.26125192207509035,18,True
2.484,0.00024355749881878813,0.00025515188993487206,0.9545588664107351,-0.20197284065448806,18,True
2.4859999999999998,0.00024656456587880254,0.0002551144489195574,0.9664860885890049,-0.14804392739940986,18,True
2.488,0.00024920775851880206,0.0002550770122089051,0.9769902680007237,-0.1010976235557112,18,True
2.49,0.00025145844212573433,0.00025503957976333796,0.9859585024374384,-0.061413634986376066,18,True
2.492,0.0002534189498267061,0.00025500215154378083,0.9937914181998464,-0.02704757886867248,18,True
2.494,0.0002551677847353018,0.0002549647275116598,1.0007964130004325,0.003457401137104128,18,True
2.496,0.0002565922447513426,0.00025492730762890575,1.0065310269736205,0.028271668409137595,18,True
2.498,0.0002573803183042141,0.0002548320041324211,1.0099999769670562,0.04321363878602481,18,True
2.5,0.0002577132573895951,0.0002547945606540261,1.0114550982881152,0.049466078200817505,18,True
2.502,0.00025759634581254393,0.00025475712439072004,1.0111448165723107,0.04813359878087495,18,True
2.504,0.0002572347865351096,0.0002547196952926852,1.0098739567018344,0.04267172470958134,18,True
2.506,0.00025699458326077624,0.00025468227331032814,1.0090791947173747,0.0392525194460665,18,True
2.508,0.00025724305650802866,0.00025464485839428404,1.010203222362816,0.04408749498205255,18,True
2.5100000000000002,0.0002582020379076224,0.0002546074504954206,1.0141181548505647,0.06088557571477525,18,True
2.512,0.000259991094566804,0.0002545700495648426,1.0212949049239217,0.09151165287767951,18,True
2.5140000000000002,0.00026254452391104045,0.00025453265555389526,1.0314767798250104,0.13459455763000916,18,True
2.516,0.0002656657663355169,0.00025449526841416924,1.0438927528631639,0.18655882543403754,18,True
2.5180000000000002,0.00026901486857156036,0.0002544578880975049,1.0572078176978243,0.24160365933824413,18,True
2.52,0.0002722249567350078,0.00025442051455599633,1.069980371708952,0.29375810828499854,18,True
2.522,0.0002749591268573097,0.0002543831477419956,1.080885779179771,0.3377980302561398,18,True
2.524,0.00027689737580606646,0.000254345787608118,1.088665074464275,0.36894290513915473,18,True
2.5260000000000002,0.0002778626250183265,0.00025430843410724567,1.0926205652351573,0.3846937051875631,18,True
2.528,0.0002777276650599373,0.0002542710871925328,1.0922502755873431,0.3832216295912706,18,True
2.5300000000000002,0.00027645539502365343,0.0002542337468174097,1.0874063671106704,0.36391871605671955,18,True
2.532,0.0002740779587457845,0.0002541964129355881,1.0782133216617587,0.3270469336949599,18,True
2.534,0.00027073136968406756,0.000254172894664735,1.0651465021129571,0.27409345505735744,18,True
2.536,0.0002664717271852644,0.00025413554641927805,1.0485417366433023,0.2058572200510783,18,True
2.538,0.00026165267996572334,0.00025409820140186103,1.0297305471750064,0.12723596370770893,18,True
2.54,0.00025655970642304886,0.00025407819106769474,1.0097667389118532,0.042210612050328764,18,True
2.542,0.00025137035054336045,0.00025404043884520695,0.9894895146852055,-0.045888035176994614,18,True
2.544,0.00024637414398582044,0.0002540026900264815,0.9699666722432517,-0.13243187702321418,18,True
2.5460000000000003,0.00024181831736251152,0.0002539649445620984,0.9521720321655778,-0.21284579062456385,18,True
2.548,0.00023791498052113332,0.0002539272024035626,0.9369416835578676,-0.2828743931199022,18,True
2.5500000000000003,0.00023482904905122213,0.0002538894635033131,0.9249263274297232,-0.33892858466337383,18,True
2.552,0.00023272423625108187,0.0002538517278147324,0.9167723152978895,-0.3773851000899108,18,True
2.554,0.00023169079338810334,0.00025381399529215547,0.912836950229687,-0.39606788664262044,18,True
2.556,0.00023180310673363947,0.00025377626589087853,0.9134152317983616,-0.3933175052316956,18,True
2.558,0.00023303876480893502,0.00025373853956716806,0.9184208485098752,-0.36958266180830807,18,True
2.5599999999999996,0.00023518485775541532,0.0002537008162782689,0.92701655913261,-0.32912508060803175,18,True
2.562,0.0002379936992440407,0.0002536630959824129,0.9382275270366542,-0.276918292605867,18,True
2.564,0.00024093059929824898,0.0002536253786388272,0.9499467308488236,-0.2230074749751408,18,True
2.5660000000000003,0.00024369922929154633,0.00025358766420774197,0.9610058519719835,-0.17273967720213637,18,True
2.568,0.0002462540236277536,0.0002535499526503988,0.971224885091164,-0.12680198468862305,18,True
2.5700000000000003,0.000248428028988301,0.00025351224392905806,0.9799448939350645,-0.08798345667515084,18,True
2.572,0.00025031893905683807,0.0002534745380070059,0.9875506274713848,-0.054406307214007715,18,True
2.574,0.0002520048721340411,0.0002534368348485633,0.994349824028627,-0.02460798784437236,18,True
2.576,0.0002534553014033858,0.00025339913441909073,1.0002216542073983,0.0009625253216838331,18,True
2.578,0.00025456360496546257,0.00025336143668499786,1.0047448747378211,0.02055799508252886,18,True
2.5799999999999996,0.0002552319104864687,0.00025339005889431454,1.0072688391967357,0.03145398852842909,18,True
2.5820000000000003,0.0002552562325917787,0.00025335239477748824,1.0075145838505397,0.03251341304436175,18,True
2.584,0.00025483978309027397,0.0002533147319010521,1.0060203809615682,0.026067791786409302,18,True
2.586,0.0002541950697340929,0.00025327707024371324,1.0036244871653652,0.015712490067206278,18,True
2.588,0.00025366684661100937,0.00025323940978527043,1.0016878764095263,0.007324174694446904,18,True
2.59,0.0002536101594652843,0.0002532017505066187,1.0016129784168097,0.006999432807783074,18,True
2.592,0.0002543010001788516,0.00025316409238975335,1.0044907940078165,0.019459608653264942,18,True
2.594,0.0002558977394663021,0.00025312643541777383,1.010948299587731,0.047289461173265775,18,True
2.596,0.0002583308346884274,0.0002530887795748872,1.0207123173233728,0.08903355599093012,18,True
2.598,0.00026142420687117753,0.0002530511248464116,1.0330884995269156,0.14137526950290957,18,True
2.6,0.0002647976262348755,0.00025303992506174513,1.046465794558947,0.19725037283323063,18,True
2.6020000000000003,0.0002681199960409136,0.0002530018923102173,1.059754903778187,0.2520543484524076,18,True
2.604,0.00027102639144714716,0.0002529638607586954,1.0714036014246389,0.2995310188024069,18,True
2.606,0.00027325329974731924,0.0002529258304011362,1.0803692897397787,0.3357223056344074,18,True
2.608,0.00027450532542920027,0.00025288780123228146,1.0854826689606225,0.3562289381084052,18,True
2.61,0.00027469208490230095,0.0002528497732476632,1.0863845412004522,0.3598357715079816,18,True
2.612,0.00027379751859891066,0.00025281174644360997,1.083009482156248,0.3463225905385908,18,True
2.614,0.00027186019669760104,0.0002527737208172526,1.075508149417745,0.31613705503349715,18,True
2.616,0.00026894014901205276,0.00025273569636652957,1.0641162007523572,0.2698905520531797,18,True
2.618,0.000265207628762506,0.00025271598969987694,1.0494295555950535,0.20953291281310532,18,True
2.62,0.000260878791414926,0.00025267810411038334,1.0324550769185767,0.1387116418237389,18,True
2.6220000000000003,0.00025617185502696527,0.00025264022086307343,1.0139789070474488,0.06028920827515354,18,True
2.624,0.00025133104341617797,0.00025260233995368396,0.9949672020546639,-0.021912350346188648,18,True
2.626,0.00024663621293005635,0.00025256446137861054,0.9765277806062058,-0.10315397238017936,18,True
2.628,0.00024230248603648253,0.00025252658513491295,0.9595127812267046,-0.1794923585372106,18,True
2.63,0.00023859687670762362,0.00025248871122032014,0.9449803737935254,-0.2457721121738724,18,True
2.6319999999999997,0.00023566892325458495,0.0002524508396332359,0.9335240223283394,-0.29874501892293126,18,True
2.634,0.00023372310953062364,0.00025241297037274395,0.9259552279959284,-0.3341001191891938,18,True
2.6359999999999997,0.00023284338383950802,0.0002523751034386128,0.9226083740710357,-0.3498260782840568,18,True
2.6380000000000003,0.00023301572808059792,0.00025233723883130157,0.9234298082986439,-0.34596110540051844,18,True
2.64,0.00023430141323435905,0.0002522993765519643,0.9286642576625697,-0.32141269213063617,18,True
2.6420000000000003,0.00023637405724910094,0.000252261516602456,0.9370198848903599,-0.2825119266982802,18,True
2.644,0.00023889349962627233,0.00025222365898533623,0.9471494489744164,-0.2358148906004652,18,True
2.646,0.0002415248000360287,0.0002521858037038753,0.957725599493439,-0.1875890396545038,18,True
2.648,0.00024398623832085165,0.0002521479507620585,0.9676312561076148,-0.14290111645603007,18,True
2.65,0.00024612515893244824,0.00025211010016459114,0.9762606050759743,-0.10434235367181204,18,True
2.6519999999999997,0.00024792637220040557,0.0002520722519169033,0.9835528120014398,-0.07202315617529262,18,True
2.654,0.0002494402914114277,0.0002520344060251544,0.989707299671348,-0.044932265468608845,18,True
2.656,0.0002507714336807785,0.0002520192082305199,0.9950488910805559,-0.021555799529144912,18,True
2.658,0.00025184999917318696,0.0002519814148029568,0.9994784709424994,-0.0022655627480141437,18,True
2.66,0.0002526299908525956,0.000251943624055277,1.0027242872285111,0.011815342209275609,18,True
2.662,0.0002529590945749786,0.00025190583602136793,1.0041811597946515,0.018120689861706632,18,True
2.664,0.0002528186403570089,0.00025191982949736763,1.0035678448236274,0.015467376969937888,18,True
2.666,0.00025220337738390526,0.0002518826558346841,1.0012732974732157,0.005526343071228736,18,True
2.668,0.00025137419146671375,0.00025184548249603737,0.9981286500569608,-0.008134783429163538,18,True
2.67,0.00025067077339040525,0.00025180830949512025,0.9954825315058277,-0.019663564674994402,18,True
2.6719999999999997,0.00025044361301779976,0.0002517711368465243,0.9947272596638677,-0.022959804202120192,18,True
2.6740000000000004,0.0002509860507908447,0.0002517339645657373,0.9970289516705351,-0.012922304865404036,18,True
2.676,0.0002523984020655742,0.00025169679266914005,1.0027875182237878,0.012089196217697043,18,True
2.678,0.00025466124332946996,0.000251659621174003,1.0119273093612087,0.05149316577740225,18,True
2.68,0.00025752583282634823,0.00025162245009848383,1.023461271939582,0.10071413484938294,18,True
2.682,0.0002607873138101467,0.0002515852794616236,1.0365762033780945,0.1560123454382917,18,True
2.6839999999999997,0.0002640487330055409,0.00025154810928334337,1.0496947631918665,0.21063030562054152,18,True
2.686,0.00026699648104055714,0.00025151093958444034,1.061570051313485,0.25948657847373446,18,True
2.6879999999999997,0.0002692870748116005,0.0002514737703865843,1.0708356358503404,0.29722815443211226,18,True
2.69,0.0002706771814691534,0.00025141108746735096,1.0766318390962148,0.32067219004964237,18,True
2.692,0.0002711622249151594,0.00025137420558827184,1.0787193709099117,0.32908477568078975,18,True
2.6940000000000004,0.0002706466000044732,0.00025133732372570284,1.076826139438978,0.321455892984773,18,True
2.696,0.000269115491377975,0.00025130044190117677,1.0708914371260991,0.2974544595151124,18,True
2.698,0.0002666559471772471,0.00025126356013715844,1.0612599257595743,0.2582176514360217,18,True
2.7,0.0002634114509830806,0.0002512266784570422,1.048501109041737,0.20568894172322968,18,True
2.702,0.0002595955439173608,0.00025118979688514763,1.0334637279716283,0.14295238565428764,18,True
2.7039999999999997,0.0002553583788399316,0.00025115291544671625,1.0167446329887722,0.07211888605995789,18,True
2.706,0.00025093354606497054,0.0002511160341679072,0.9992732917133653,-0.0031572013095601758,18,True
2.7079999999999997,0.00024660021343566327,0.0002510791530757935,0.9821612444312405,-0.0781720689931273,18,True
2.71,0.00024260831098749742,0.000251042272198358,0.9664042189508363,-0.1484118275536462,18,True
2.712,0.0002391955310106787,0.00025100539156448895,0.9529497733885288,-0.2092998888427932,18,True
2.7140000000000004,0.00023652230358928058,0.00025096851120397576,0.9424381666632514,-0.25747134233967195,18,True
2.716,0.00023472170358778536,0.0002509316311475044,0.9354010194506311,-0.290021611096374,18,True
2.718,0.0002339048682660416,0.00025089475142665304,0.9322828275043518,-0.30452315338082725,18,True
2.72,0.00023412591561058427,0.0002508578720738875,0.9333010508102572,-0.2997824519612864,18,True
2.722,0.0002353664262690846,0.0002508209931225558,0.9383840775803013,-0.27619369901137664,18,True
2.7239999999999998,0.00023725758602504202,0.0002507417393867935,0.9462229408046385,-0.2400652686017739,18,True
2.726,0.00023950261607520113,0.00025067013767697316,0.95544933391243,-0.19792338002648138,18,True
2.7279999999999998,0.00024182956283621377,0.0002506338209880341,0.9648720267794957,-0.15530284323624402,18,True
2.73,0.00024394872959432505,0.00025059750998631834,0.9734682902780786,-0.11678190606758546,18,True
2.732,0.00024575684271418096,0.00025056120468695196,0.9808255951723511,-0.08408209529292673,18,True
2.734,0.00024723031360328633,0.00025052490510543024,0.9868492455839574,-0.05749186551844994,18,True
2.736,0.0002484570895754037,0.00025048861125761233,0.991889764281062,-0.03536591378760157,18,True
2.738,0.00024950038082851596,0.00025045232315971445,0.9961991076018432,-0.016538516457642764,18,True
2.74,0.00025035553300153214,0.0002504160408283028,0.9997583708033617,-0.0010495090687906825,18,True
2.742,0.00025083761281272164,0.00025037976428028815,1.001828616357035,0.00793432772196191,18,True
2.7439999999999998,0.0002508807831587604,0.0002503434935329182,1.0021462096668055,0.009310882170514252,18,True
2.746,0.00025043644178873904,0.0002503072286037716,1.000516218351696,0.0022413293580741834,18,True
2.748,0.0002496189287474828,0.00025027096951075166,0.9973946608168597,-0.011329609461920433,18,True
2.75,0.0002486334803373219,0.00025023471627207903,0.9936010639985855,-0.02787952102612761,18,True
2.7520000000000002,0.0002477982963778848,0.0002501984689062854,0.9904069255943383,-0.04186331432914334,18,True
2.754,0.00024746023613469813,0.0002501141603593444,0.9893891484559157,-0.04632857254190986,18,True
2.756,0.00024778785481842445,0.00025007796682325906,0.9908424079341098,-0.03995413937600368,18,True
2.758,0.0002489240604288614,0.0002500417791745647,0.9955298720502105,-0.019457039219272377,18,True
2.76,0.00025085192547894843,0.00025000559744380903,1.0033852363458766,0.014677065973643497,18,True
2.762,0.0002534763071448938,0.00024996942166183675,1.014029257897797,0.06050485924587287,18,True
2.764,0.00025649949376598837,0.00024993325185978024,1.026271982048599,0.11262472519862629,18,True
2.766,0.0002596682599368471,0.0002498970880690495,1.0391007832196018,0.16657672170698795,18,True
2.7680000000000002,0.0002626612373476085,0.00024986093032132217,1.0512297261113415,0.2169763313617064,18,True
2.77,0.00026524956074272434,0.0002498247786485346,1.0617424027257523,0.2601916208928842,18,True
2.7720000000000002,0.0002670002182263207,0.00024978863308287104,1.0689045971829287,0.2893894490385686,18,True
2.774,0.00026779301372600146,0.00024975249365675523,1.0722335933671998,0.30289409665501177,18,True
2.776,0.00026756666669057835,0.0002497163604028397,1.0714823260235842,0.2998501179993305,18,True
2.778,0.0002663322982633403,0.0002496802333539969,1.066693565147923,0.28039675207766374,18,True
2.78,0.00026416436367035105,0.00024964411254330935,1.058163803580678,0.2455290161671733,18,True
2.7819999999999996,0.00026122143815535576,0.00024960799800405944,1.0465267148655526,0.1975031912535831,18,True
2.784,0.00025769814410484297,0.0002495048132897482,1.0328383677535706,0.1403236267641111,18,True
2.786,0.00025391843965301593,0.0002494685979637295,1.017837281828687,0.07678354373726237,18,True
2.7880000000000003,0.00024994912098364033,0.00024932856570646626,1.0024889056551372,0.010795750683642873,18,True
2.79,0.00024614231240651155,0.00024929223403137124,0.9873645417110615,-0.055224732434183715,18,True
2.7920000000000003,0.00024256965671763005,0.00024925591196704223,0.9731751387694416,-0.11808994308787699,18,True
2.794,0.00023943860535607643,0.00024921959955549386,0.9607535112934026,-0.17388019632218937,18,True
2.796,0.00023697062014565963,0.00024918329683905186,0.950989184073279,-0.21824422414850497,18,True
2.798,0.0002354704673925406,0.0002491470038603452,0.945106558554199,-0.24519223042976473,18,True
2.8,0.00023493330475673265,0.0002491107206623003,0.943087893335643,-0.2544783026175524,18,True
2.8019999999999996,0.000235336174727347,0.00024907444728813395,0.9448427058240372,-0.24640485330434286,18,True
2.8040000000000003,0.00023652447772843342,0.000249038183781346,0.9497518578761419,-0.22389848218551534,18,True
2.806,0.0002382333979246767,0.0002490019301857131,0.9567532177240357,-0.19200068494690614,18,True
2.8080000000000003,0.00024012984143446047,0.00024896568654528186,0.9645097875396804,-0.1569336091495693,18,True
2.81,0.00024200159134407268,0.00024892945290436196,0.9721693777917435,-0.12258062818686799,18,True
2.8120000000000003,0.00024360517840780463,0.00024887123401492675,0.9788402399017064,-0.09288185204962385,18,True
2.814,0.0002449915040482729,0.00024883481537440176,0.9845547685104027,-0.06760120053778745,18,True
2.816,0.0002461519399813953,0.00024879840355988944,0.9893630202580577,-0.04644326433941651,18,True
2.818,0.00024715661310236516,0.00024876199860469173,0.9935465002237834,-0.028118021142988094,18,True
2.82,0.0002480258329874971,0.0002487256005427471,0.9971865881367941,-0.012235712606753671,18,True
2.822,0.00024869834103911155,0.0002486892094086226,1.0000367190458752,0.00015946586234432392,18,True
2.8240000000000003,0.0002490360810430511,0.00024865282523751046,1.0015413289801736,0.006688753247442319,18,True
2.826,0.0002488932592138079,0.00024861644806521943,1.0011134064167624,0.00483277270806123,18,True
2.828,0.00024822497557924414,0.0002485800779281701,0.9985714770391674,-0.0062084318919101225,18,True
2.83,0.0002471303114183961,0.0002485437148633878,0.9943132601612212,-0.024767687956265785,18,True
2.832,0.0002458394795789651,0.00024850735890849724,0.9892643850015144,-0.04687625892505181,18,True
2.834,0.000244684870941916,0.0002484710101017158,0.9847622498968798,-0.06668608102441513,18,True
2.836,0.000244051896233747,0.00024843466848184726,0.9823584515201408,-0.07730014135640495,18,True
2.838,0.0002441273447729075,0.0002484019884546077,0.9827914272816647,-0.07538640450509605,18,True
2.84,0.00024511416127517567,0.0002483654928525299,0.9869090849134797,-0.05722853144944299,18,True
2.842,0.00024698852962149094,0.0002483290023358697,0.9946020291557981,-0.023506590689385595,18,True
2.8440000000000003,0.00024957739144919984,0.00024829251694054343,1.0051748418538287,0.022416102619749707,18,True
2.846,0.00025256292032177393,0.00024821711227577343,1.0175080920334463,0.0753787176605244,18,True
2.848,0.0002557477141313139,0.00024818025250654494,1.0304917959762707,0.13044538593234736,18,True
2.85,0.0002587557762268546,0.0002481434016804106,1.042767103515861,0.18187321895133282,18,True
2.852,0.0002613011709099845,0.00024810655984886686,1.053181226119757,0.2250310882250028,18,True
2.8539999999999996,0.0002631624557737838,0.0002480697270637408,1.0608406712446816,0.2565016166263907,18,True
2.856,0.00026418491431784446,0.0002480329033771842,1.0651204365257052,0.27398717597555483,18,True
2.8579999999999997,0.0002642967678404866,0.0002479960888416672,1.0657295809581357,0.2764702045390147,18,True
2.8600000000000003,0.00026348230025643787,0.00024795928350997257,1.0626030875986177,0.26371073502095776,18,True
2.862,0.00026181518206544783,0.00024792499722305197,1.0560257537480144,0.23674509650697573,18,True
2.8640000000000003,0.0002593222298994138,0.00024788800052511243,1.0461265948738128,0.1958424297139566,18,True
2.866,0.0002562719395009474,0.0002478510118048424,1.0339757648547976,0.14510359538216303,18,True
2.868,0.000252822082061543,0.0002478140311207164,1.0202089079386591,0.08689111247427607,18,True
2.87,0.0002492003551122162,0.00024777705853175607,1.0057442629632223,0.024875639174015682,18,True
2.872,0.0002456341434813655,0.0002477400940975226,0.9914993549032556,-0.03707564022518698,18,True
2.8739999999999997,0.00024234220368225015,0.0002477031378781093,0.9783574231566772,-0.09502455491860724,18,True
2.876,0.00023953585911906428,0.00024766618993413446,0.967172221540484,-0.14496185477443083,18,True
2.878,0.00023740154268927068,0.00024762925032673305,0.9586974978764928,-0.18318406100968976,18,True
2.88,0.00023609519578072865,0.00024759231911754953,0.9535642972374987,-0.20650017883844338,18,True
2.882,0.00023570170668016122,0.00024755539636873026,0.9521170216345712,-0.21309670599921954,18,True
2.884,0.00023622729280362476,0.0002475575293542158,0.9542319048822818,-0.2034606683528009,18,True
2.886,0.00023746297200305183,0.0002475203691550888,0.9593673959586925,-0.18015045090294776,18,True
2.888,0.00023910254375693083,0.0002474832164865655,0.9661363996774722,-0.14961555317982755,18,True
2.89,0.0002408768437826097,0.0002474460714077383,0.9734518815038938,-0.11685511132979069,18,True
2.892,0.00024252637251968837,0.0002474089339783385,0.9802652176696351,-0.08656406973533848,18,True
2.8939999999999997,0.00024388989317555276,0.000247371804258728,0.9859243817475112,-0.0615639322223272,18,True
2.8960000000000004,0.0002449400100566693,0.00024733468230989537,0.9903180895179686,-0.04225287893294036,18,True
2.898,0.00024573085897616845,0.0002472975681934473,0.9936646800503379,-0.027601469634875864,18,True
2.9,0.00024638725742166903,0.0002472604619716031,0.9964684828986757,-0.015364329591295562,18,True
2.902,0.0002469335715182252,0.0002472699591053023,0.9986395937933817,-0.005912191490242439,18,True
2.904,0.00024738414084393766,0.0002473289133649474,1.0002232956844344,0.000969652580236752,18,True
2.906,0.0002474061229193702,0.00024729109100189034,1.0004651680617114,0.002019729503170569,18,True
2.908,0.000247015108551749,0.00024725327527227455,0.9990367499873831,-0.004185357748450991,18,True
2.91,0.00024612232706805557,0.00024721546624897867,0.9955781925883951,-0.0192462486200781,18,True
2.912,0.0002448057432648782,0.00024717766400534643,0.9904039843162491,-0.04187621188375081,18,True
2.9139999999999997,0.00024330967772574584,0.00024713986861518293,0.9845019303809657,-0.06783427973826973,18,True
2.9160000000000004,0.00024194781171572296,0.00024710208015274546,0.9791411369995898,-0.09154702883014054,18,True
2.918,0.0002411080438191965,0.0002470642986927402,0.9758918835903881,-0.1059829397365096,18,True
2.92,0.00024103338533422206,0.00024702652431031415,0.9757388847500298,-0.10666387337743449,18,True
2.922,0.00024193080249536127,0.00024704216846591537,0.979309742938646,-0.09079924771518663,18,True
2.924,0.0002436712242234999,0.00024700466353030296,0.9865045491078588,-0.05900907727668929,18,True
2.9259999999999997,0.00024607642598843297,0.00024696716759233656,0.9963932792662792,-0.01569210468542877,18,True
2.928,0.0002490646980972821,0.00024692968069430757,1.008646256687213,0.03738881097909054,18,True
2.9299999999999997,0.0002522321175303264,0.0002468922028785916,1.0216285269015186,0.09293011215953854,18,True
2.932,0.0002553024929719845,0.0002468547341876452,1.0342215789870888,0.14613595065569104,18,True
2.934,0.0002579348453303843,0.0002468172746640031,1.0450437299476534,0.19134463918460437,18,True
2.9360000000000004,0.00025994656595282545,0.00024677982435027427,1.053354206071006,0.22574433745241318,18,True
2.938,0.00026118101511648286,0.0002467423832891384,1.0585170315487509,0.24697850213847333,18,True
2.94,0.0002615322298073157,0.00024668048681820694,1.0602063956524208,0.2539041976229664,18,True
2.942,0.00026101974219442194,0.0002466431579577726,1.0582890048752567,0.24604284034703555,18,True
2.944,0.00025966731151176944,0.0002466058405601757,1.0529649700182446,0.2241392334044112,18,True
2.9459999999999997,0.0002575769121245092,0.0002465685346618881,1.0446463190354625,0.18969278303132092,18,True
2.948,0.000254935078594132,0.00024653124029915647,1.0340883300825394,0.14557637045166322,18,True
2.9499999999999997,0.00025193779481503593,0.0002464939575079995,1.0220850740605265,0.0948704614833442,18,True
2.952,0.00024868593047388865,0.00024645668632420384,1.0090451761846393,0.039106105664400106,18,True
2.954,0.00024542419538031214,0.0002463605214264963,0.9961993665187807,-0.016537387705551125,18,True
2.956,0.0002424696786257667,0.0002463233493411862,0.9843552358080284,-0.06848144343062647,18,True
2.958,0.00024000581223045027,0.0002463655242998477,0.9741858683861256,-0.11358174627151511,18,True
2.96,0.00023804144464848362,0.0002463282163305195,0.9663588207413607,-0.1486158483411122,18,True
2.962,0.00023684466547557888,0.00024629091661950017,0.9616459621265083,-0.1698478762410557,18,True
2.964,0.00023653296051071593,0.00024625362522595715,0.9605258005589897,-0.17490965117842627,18,True
2.9659999999999997,0.00023715709265010237,0.0002462163422089797,0.9632061402683493,-0.16280757527112735,18,True
2.968,0.0002383399392028565,0.00024611890179114055,0.9683934775766009,-0.13948144325338047,18,True
2.97,0.00023989935603334873,0.0002460818729281785,0.9748761791298857,-0.110505413635197,18,True
2.972,0.00024151701008516432,0.00024604485232197684,0.9815974925137335,-0.08066559682885799,18,True
2.974,0.0002428864024726051,0.0002460078400119173,0.987311633892802,-0.055457454880618415,18,True
2.976,0.00024401965341547743,0.00024597083603728533,0.9920674228975985,-0.03458811316237409,18,True
2.9779999999999998,0.00024484313620564346,0.00024593384043726697,0.9955650502196678,-0.019303579083248944,18,True
2.98,0.000245385695787263,0.00024583442316877065,0.9981746763706905,-0.007934523540658137,18,True
2.982,0.00024580050433865034,0.0002457977078979053,1.0000113770009043,4.940940606836998e-05,18,True
2.9839999999999995,0.0002460756183739628,0.0002457610025616069,1.0012801697953566,0.005556151130114115,18,True
2.9859999999999998,0.0002461569056343043,0.0002457243071785045,1.001760503308635,0.007639046411170693,18,True
2.988,0.00024595264973963966,0.0002456876217670019,1.0010787192725936,0.004682293289890529,18,True
2.99,0.00024530200130156327,0.0002455956703413371,0.9988042580743964,-0.0051961484464655055,18,True
2.992,0.00024413942080703867,0.0002455592760539044,0.9942178716695921,-0.025184344199864556,18,True
2.994,0.00024263083587046226,0.00024552289304532565,0.9882208247915624,-0.05145998456348519,18,True
2.996,0.0002410856235061276,0.000245486521317275,0.9820727517440376,-0.07856338576945687,18,True
2.9979999999999998,0.00023962946130669984,0.0002454257851420848,0.9763825800454125,-0.10379977572792726,18,True
3.0,0.00023859991834085135,0.0002453897189337058,0.9723305417099044,-0.12186072483488025,18,True
